functionName,bodyWidth,descendantCount,keywords,filename
andThen,162,53,public expression,railway.ts
byUniqueName,105,22,private expression,chisel-factory.ts
createActionError,353,56,public expression,create-error.ts
createEngravingMessage,138,21,public expression,create-message.ts
createFinishError,315,48,public expression,create-error.ts
createKeyRefsForValidation,248,39,private expression,chisel-factory.ts
createValidationError,437,63,public expression,create-error.ts
extractCommons,382,77,private expression,chisel-factory.ts
formatMessage,2207,272,public expression,format-message.ts
geOnFinishtUses,280,45,public expression,chisel-lookup.ts
getLogger,242,36,public expression,chisel-lookup.ts
getSchema,40,8,public expression,engraving-model.ts
getUses,268,45,public expression,chisel-lookup.ts
isActionError,129,21,public expression,guards.ts
isFulfilled,121,23,public expression,guards.ts
isSingleLine,67,16,private expression,field-validation.ts
isValidationError,866,148,public,validation-utils.ts
isValidationSuccessful,654,96,public,validation-utils.ts
map1,157,51,public expression,railway.ts
orderOfMagnitude,169,35,public expression,utility.ts
runAction,929,135,private expression async,run-action.ts
runActionWithLogger,701,104,public expression async,run-action.ts
runEngraving,2969,390,public expression async,engraving.ts
runOnFinish,992,136,public expression async,run-on-finish.ts
runShield,2358,369,public expression async,run-shield.ts
runValidation,2438,369,public expression async,run-validation.ts
safeParseBuild,290,52,public expression,engraving-model.ts
saferShield,942,121,private expression async,run-shield.ts
saferValidate,948,121,private expression async,run-validation.ts
shouldValidationExitOnFailure,890,146,public,validation-utils.ts
succeed,73,21,public expression,railway.ts
unsafeParse,173,36,public expression,engraving-model.ts
willFail,74,21,public expression,railway.ts
withDefault,135,36,public expression,railway.ts